patient_id,x,y,subgroup_truth
P0003,6.1854,11.5259,A1
P0233,-4.4693,-2.9975,A2
P0042,6.4393,12.3643,A1
P0567,9.1593,-0.8292,Type B
P0419,8.1763,-0.2722,Type B
P0030,5.666,12.473,A1
P0203,-3.9257,-2.983,A2
P0065,5.4156,11.9183,A1
P0160,4.6635,12.6746,A1
P0081,5.6971,10.6224,A1
P0018,4.5001,14.0251,A1
P0133,5.6854,11.3284,A1
P0454,9.8853,-2.6072,Type B
P0589,11.1462,-2.5891,Type B
P0416,8.3281,-1.3233,Type B
P0585,8.8641,-3.1412,Type B
P0440,8.7754,-1.0904,Type B
P0270,-4.4336,-2.5175,A2
P0321,-4.6224,-2.7806,A2
P0376,12.0182,-2.79,Type B
P0278,-3.4224,-1.4228,A2
P0219,-2.5657,-2.1628,A2
P0362,9.6019,-3.6457,Type B
P0519,10.5839,-3.5232,Type B
P0120,5.4235,11.2302,A1
P0181,5.069,13.9466,A1
P0134,4.407,11.3215,A1
P0116,5.0086,13.4447,A1
P0192,5.9382,12.4215,A1
P0412,9.1189,-3.2209,Type B
P0216,-2.9836,-1.3604,A2
P0388,8.238,-1.8145,Type B
P0172,3.7481,11.3953,A1
P0361,10.1763,-2.9318,Type B
P0101,4.925,13.0534,A1
P0226,-3.8686,-0.1859,A2
P0077,4.0558,13.3352,A1
P0403,11.0243,-2.1153,Type B
P0086,3.8467,11.923,A1
P0338,-2.6426,-2.1815,A2
P0261,-3.8661,-2.1731,A2
P0334,-4.705,-2.2063,A2
P0516,10.5909,-0.0404,Type B
P0320,-3.2226,-1.7158,A2
P0094,5.4631,12.1755,A1
P0231,-3.5442,-0.8952,A2
P0243,-3.9241,-0.2424,A2
P0214,-3.0231,-1.9113,A2
P0071,4.382,13.9427,A1
P0583,11.8212,-2.0945,Type B
P0255,-2.3138,-0.4285,A2
P0145,5.0131,13.6319,A1
P0117,5.6812,10.4611,A1
P0590,10.6796,-2.9636,Type B
P0040,4.5109,11.4072,A1
P0598,11.2636,-1.3357,Type B
P0200,5.574,11.1502,A1
P0383,9.5322,-0.8047,Type B
P0456,8.2562,-2.2867,Type B
P0411,9.8396,-0.9569,Type B
P0331,-3.1029,-0.5867,A2
P0487,8.1311,-2.0885,Type B
P0498,10.6311,-3.0052,Type B
P0144,5.7103,10.8485,A1
P0442,8.8414,-3.1987,Type B
P0504,10.0129,-3.4053,Type B
P0168,6.3293,12.8851,A1
P0578,9.139,-2.8326,Type B
P0439,7.9683,-1.3694,Type B
P0457,11.0288,-2.2902,Type B
P0390,8.1512,-1.1255,Type B
P0282,-3.6142,0.0053,A2
P0493,10.3427,-3.6289,Type B
P0464,10.643,-0.1144,Type B
P0437,10.7748,0.1645,Type B
P0375,9.458,-3.5202,Type B
P0288,-3.4655,-0.9019,A2
P0426,9.0257,-3.5566,Type B
P0137,4.4033,11.1733,A1
P0494,9.2988,-2.9225,Type B
P0393,11.0024,-2.4269,Type B
P0089,5.3074,14.1884,A1
P0210,-3.0012,-1.0634,A2
P0024,5.1043,10.6715,A1
P0254,-4.9025,-1.4861,A2
P0202,-3.8526,-0.0318,A2
P0469,9.0725,-3.1203,Type B
P0152,4.7786,14.2253,A1
P0169,5.349,14.2628,A1
P0424,7.943,-1.3964,Type B
P0593,9.4591,-3.5977,Type B
P0340,-4.872,-2.4891,A2
P0209,-3.0126,-1.2168,A2
P0596,9.1426,-0.8121,Type B
P0176,5.1256,14.3476,A1
P0370,9.8142,-3.1103,Type B
P0391,7.4519,-1.4649,Type B
P0521,11.2465,-2.7674,Type B
P0066,3.5875,13.3128,A1
P0238,-3.1043,-2.3099,A2
P0409,10.5044,0.0177,Type B
P0580,8.8023,-1.2144,Type B
P0292,-3.9297,-2.4151,A2
P0164,5.6317,12.4733,A1
P0356,-4.0479,-1.5689,A2
P0566,10.6722,-1.9836,Type B
P0135,3.8942,11.0972,A1
P0515,11.5821,-3.029,Type B
P0305,-2.4571,-1.3036,A2
P0461,8.782,-1.8668,Type B
P0140,6.2703,12.3544,A1
P0211,-2.8114,-1.1822,A2
P0161,5.2415,11.2501,A1
P0092,6.4777,12.4403,A1
P0420,11.2175,-1.1458,Type B
P0565,8.4108,-1.866,Type B
P0032,6.2562,12.3235,A1
P0300,-3.5879,-1.631,A2
P0060,5.2579,11.4964,A1
P0527,7.8473,-1.9973,Type B
P0304,-2.4433,-1.3577,A2
P0367,8.2625,-1.341,Type B
P0051,4.7127,11.5397,A1
P0438,11.6632,-1.8084,Type B
P0271,-2.7185,-0.6443,A2
P0239,-4.1737,-2.6306,A2
P0423,9.0413,-3.6147,Type B
P0441,10.2566,-1.8303,Type B
P0474,9.8458,-1.2228,Type B
P0313,-2.6422,-1.0918,A2
P0276,-3.7938,-1.7726,A2
P0325,-4.6745,-2.3324,A2
P0062,4.7744,11.3573,A1
P0222,-3.0327,-2.2399,A2
P0125,4.1249,13.4633,A1
P0128,5.0215,10.5887,A1
P0036,3.7034,13.413,A1
P0463,10.5774,-0.2346,Type B
P0006,5.7396,10.523,A1
P0594,9.844,-2.228,Type B
P0029,4.9231,10.1532,A1
P0225,-4.6847,-2.7215,A2
P0329,-4.0973,0.1284,A2
P0091,4.9663,11.2527,A1
P0118,3.6673,13.3714,A1
P0337,-2.2878,-0.3947,A2
P0323,-4.8738,-2.0773,A2
P0560,10.6284,-0.2806,Type B
P0215,-4.8747,-1.9505,A2
P0467,9.6724,-3.4507,Type B
P0157,6.6243,12.285,A1
P0093,3.9889,13.4409,A1
P0076,3.8324,11.8198,A1
P0057,5.2645,11.3936,A1
P0298,-4.5782,-2.8819,A2
P0283,-3.8582,-2.6671,A2
P0050,3.8269,11.391,A1
P0034,4.907,12.0247,A1
P0445,9.986,-1.276,Type B
P0162,3.9334,10.893,A1
P0443,8.8328,-0.9597,Type B
P0242,-3.0973,-1.1979,A2
P0146,5.0307,10.303,A1
P0126,5.2143,11.7815,A1
P0496,11.1029,-1.9998,Type B
P0333,-5.0496,-1.5085,A2
P0341,-3.9133,-1.9234,A2
P0547,8.6683,-0.9313,Type B
P0398,8.5083,-0.4627,Type B
P0109,4.0231,10.695,A1
P0564,11.2646,-2.8964,Type B
P0224,-2.2046,-1.1362,A2
P0193,5.1154,14.103,A1
P0007,3.9659,13.1616,A1
P0248,-4.1236,-3.0399,A2
P0484,10.8636,-0.8496,Type B
P0557,9.7123,-2.1976,Type B
P0259,-3.9366,-0.5086,A2
P0082,6.1104,13.3281,A1
P0186,3.8832,11.2924,A1
P0240,-4.1134,-1.977,A2
P0517,9.975,-1.0058,Type B
P0253,-3.2673,-0.9294,A2
P0471,9.9536,-2.2705,Type B
P0317,-3.9327,-1.849,A2
P0234,-2.3938,-1.2089,A2
P0512,7.4861,-1.355,Type B
P0378,8.202,-0.4591,Type B
P0266,-3.7768,-0.0977,A2
P0513,10.7488,-1.9224,Type B
P0458,8.2588,-0.1905,Type B
P0377,8.1014,-1.3786,Type B
P0281,-5.0735,-1.5905,A2
P0112,4.5069,13.6287,A1
P0099,6.5032,12.1355,A1
P0013,4.8114,13.7079,A1
P0087,5.7699,12.2241,A1
P0279,-4.3972,-2.6736,A2
P0265,-4.0757,-2.5184,A2
P0360,-3.5469,-2.3715,A2
P0576,9.4673,-3.5198,Type B
P0163,5.3829,14.3174,A1
P0177,4.2716,11.1367,A1
P0150,6.1892,11.3928,A1
P0141,3.8445,13.4185,A1
P0371,11.9363,-2.6022,Type B
P0541,9.9549,-2.921,Type B
P0149,3.5859,11.858,A1
P0043,6.4742,12.1997,A1
P0359,-4.3119,-2.2982,A2
P0316,-4.892,-1.6747,A2
P0397,10.695,-1.5781,Type B
P0185,4.9543,11.5943,A1
P0355,-4.0619,0.0211,A2
P0262,-2.7272,-2.5084,A2
P0114,3.9094,13.6833,A1
P0417,9.279,-0.8034,Type B
P0119,6.4082,12.2557,A1
P0187,6.1914,12.6387,A1
P0110,4.0496,13.6855,A1
P0303,-4.2203,-1.3028,A2
P0345,-2.322,-1.2256,A2
P0022,5.667,10.391,A1
P0472,10.7375,-1.4086,Type B
P0561,11.067,-2.4285,Type B
P0223,-5.065,-2.2562,A2
P0542,10.6817,-0.0976,Type B
P0552,7.9303,-0.4727,Type B
P0063,4.7513,10.3566,A1
P0158,6.2655,11.4984,A1
P0028,4.1789,12.1914,A1
P0021,4.487,12.4727,A1
P0258,-3.2921,-2.6892,A2
P0113,4.8635,10.4469,A1
P0511,10.9019,-0.8321,Type B
P0290,-3.9565,-2.6876,A2
P0019,3.8229,10.997,A1
P0072,3.6632,13.5033,A1
P0459,8.9154,-1.5275,Type B
P0428,7.95,-1.3761,Type B
P0556,8.261,-1.3964,Type B
P0544,11.8703,-2.863,Type B
P0244,-2.1883,-0.5386,A2
P0549,10.8786,-3.0567,Type B
P0041,5.1839,13.5192,A1
P0507,9.6012,-0.637,Type B
P0530,10.8716,-3.0949,Type B
P0289,-4.7017,-2.2643,A2
P0322,-3.5449,-1.9978,A2
P0335,-3.1499,-0.8283,A2
P0302,-5.1197,-2.1606,A2
P0401,7.7903,-0.8866,Type B
P0228,-3.9282,0.0411,A2
P0574,11.0478,-0.8641,Type B
P0059,6.6586,12.2337,A1
P0274,-3.8509,-2.7095,A2
P0392,10.8021,-0.5591,Type B
P0330,-4.1313,0.0257,A2
P0127,5.9445,12.4258,A1
P0534,7.4117,-1.5709,Type B
P0492,11.8192,-2.8535,Type B
P0056,4.168,12.1392,A1
P0470,11.9156,-2.9702,Type B
P0518,11.3544,-3.137,Type B
P0387,8.4383,-0.1445,Type B
P0198,3.769,11.7588,A1
P0079,4.0607,11.0084,A1
P0501,10.5218,-3.2948,Type B
P0053,5.6535,10.4329,A1
P0143,3.8152,13.5242,A1
P0235,-4.5972,-2.1655,A2
P0155,4.0473,11.3756,A1
P0287,-2.9574,-2.0638,A2
P0299,-3.5194,-0.7491,A2
P0199,4.8905,13.4776,A1
P0558,10.4766,-1.8019,Type B
P0263,-5.0648,-1.5479,A2
P0095,5.755,12.3702,A1
P0319,-3.4036,-2.5698,A2
P0587,9.614,-0.7092,Type B
P0538,9.4964,-0.6537,Type B
P0575,9.0611,-2.2107,Type B
P0268,-3.8976,0.0245,A2
P0213,-4.7981,-2.4468,A2
P0353,-2.332,-1.4612,A2
P0522,11.0731,-0.6872,Type B
P0450,9.7525,-0.8441,Type B
P0347,-2.5683,-2.3901,A2
P0039,4.9649,10.117,A1
P0451,7.393,-1.4765,Type B
P0183,4.8095,11.6648,A1
P0264,-4.1592,-0.1157,A2
P0326,-5.0196,-2.2885,A2
P0476,9.7385,-3.6806,Type B
P0571,8.8332,-1.8574,Type B
P0502,11.241,-1.1522,Type B
P0349,-5.0066,-1.7239,A2
P0033,3.722,13.617,A1
P0413,10.4219,-2.4941,Type B
P0503,9.7253,-0.9784,Type B
P0540,10.9441,-2.3395,Type B
P0342,-2.5873,-2.3268,A2
P0107,3.836,11.6553,A1
P0354,-4.7251,-2.0398,A2
P0415,11.8648,-2.9248,Type B
P0468,11.9053,-2.5333,Type B
P0344,-2.6003,-0.9195,A2
P0477,10.9465,-1.5382,Type B
P0528,8.308,-2.2699,Type B
P0582,11.3439,-2.9124,Type B
P0366,9.6127,-2.5874,Type B
P0414,7.8075,-2.1031,Type B
P0195,6.4088,11.8641,A1
P0083,5.4614,14.2465,A1
P0523,8.838,-0.6581,Type B
P0147,5.3561,13.8352,A1
P0449,10.7065,0.0851,Type B
P0196,4.2089,11.1774,A1
P0595,10.5784,-3.3632,Type B
P0432,8.6247,-1.7208,Type B
P0194,6.2768,12.6209,A1
P0178,4.2931,11.6558,A1
P0488,9.5778,-2.9225,Type B
P0097,5.5126,11.1448,A1
P0250,-3.0556,-1.0831,A2
P0465,8.3267,-1.6837,Type B
P0129,4.9427,10.4198,A1
P0284,-2.5526,-0.439,A2
P0075,6.4611,11.8426,A1
P0191,3.7093,11.5867,A1
P0328,-4.0555,-2.8885,A2
P0291,-2.3506,-0.234,A2
P0372,8.2152,-1.2601,Type B
P0524,10.8517,-1.8467,Type B
P0131,6.1616,12.4818,A1
P0543,9.8285,-1.9737,Type B
P0490,11.3978,-1.8398,Type B
P0381,10.3111,-1.5359,Type B
P0090,6.3547,12.3245,A1
P0236,-4.8249,-2.6254,A2
P0124,5.7105,13.8291,A1
P0166,5.0331,13.844,A1
P0346,-3.1361,-2.0399,A2
P0483,9.657,-1.6606,Type B
P0532,11.8371,-2.4801,Type B
P0581,8.1425,-1.0458,Type B
P0025,4.8977,13.225,A1
P0229,-5.0605,-1.4654,A2
P0035,4.052,11.0688,A1
P0395,7.3902,-1.528,Type B
P0307,-3.2253,-1.1415,A2
P0588,9.3641,-2.4266,Type B
P0318,-2.1933,-0.3145,A2
P0480,10.2368,-0.4377,Type B
P0555,10.8029,0.2032,Type B
P0201,-3.6652,0.0023,A2
P0539,10.1359,-2.1959,Type B
P0358,-3.3534,-1.7827,A2
P0026,4.8214,13.3587,A1
P0402,11.1565,-2.7584,Type B
P0009,4.4864,13.3914,A1
P0368,10.2459,-3.687,Type B
P0306,-2.0945,-0.4593,A2
P0220,-3.8975,-0.3517,A2
P0394,9.6409,-1.2282,Type B
P0070,5.6457,13.6079,A1
P0408,10.9117,-0.6236,Type B
P0148,6.5557,12.0054,A1
P0531,8.2055,-1.7028,Type B
P0363,10.8813,-3.0796,Type B
P0023,3.8494,10.9346,A1
P0182,5.6468,13.9462,A1
P0546,8.373,-1.3679,Type B
P0269,-3.9241,-2.8403,A2
P0217,-3.4903,-0.2661,A2
P0386,8.1773,-0.2209,Type B
P0010,4.0121,11.1614,A1
P0085,5.8941,12.1136,A1
P0373,12.016,-2.7354,Type B
P0436,8.114,-0.3124,Type B
P0431,11.4941,-2.7669,Type B
P0396,7.4818,-1.385,Type B
P0130,4.582,12.2501,A1
P0285,-2.9294,-0.5034,A2
P0332,-4.372,-2.7095,A2
P0205,-2.3026,-0.2425,A2
P0297,-4.0764,-0.1578,A2
P0069,5.3279,13.9601,A1
P0246,-2.5908,-1.3969,A2
P0280,-3.5346,-2.712,A2
P0167,4.2601,11.7015,A1
P0486,8.629,-1.4233,Type B
P0491,10.1287,-1.341,Type B
P0385,8.2464,-2.3037,Type B
P0098,4.4025,13.9246,A1
P0478,10.7839,-1.8276,Type B
P0096,4.8677,13.9493,A1
P0529,10.4514,-3.5967,Type B
P0052,4.5943,13.9683,A1
P0460,11.2067,-2.4234,Type B
P0073,5.1644,10.5941,A1
P0207,-3.8113,-2.0581,A2
P0369,9.7371,-0.9271,Type B
P0351,-3.8467,-0.0855,A2
P0046,3.9446,13.7573,A1
P0111,4.1473,11.1996,A1
P0159,5.7283,12.2756,A1
P0230,-5.0699,-1.5075,A2
P0237,-2.1151,-1.0527,A2
P0562,8.9097,-2.9022,Type B
P0252,-3.856,-2.9903,A2
P0586,7.645,-1.2104,Type B
P0277,-2.3057,-0.3603,A2
P0267,-2.486,-1.4255,A2
P0434,11.8373,-2.7689,Type B
P0425,9.224,-3.507,Type B
P0563,9.8081,-0.8997,Type B
P0537,9.4368,-0.604,Type B
P0189,5.619,12.0015,A1
P0584,10.1897,-3.1024,Type B
P0597,11.6926,-1.7991,Type B
P0257,-2.0757,-0.5538,A2
P0448,8.7154,-2.135,Type B
P0350,-3.7825,-0.1541,A2
P0308,-3.0431,-1.9506,A2
P0002,5.6352,10.7491,A1
P0190,5.9414,11.1986,A1
P0293,-4.2734,-2.9648,A2
P0525,8.617,-0.3129,Type B
P0348,-2.9079,-0.3188,A2
P0184,4.1665,10.9033,A1
P0421,11.4552,-1.4644,Type B
P0550,10.7255,0.0885,Type B
P0204,-2.4842,-1.9588,A2
P0020,5.2917,10.4744,A1
P0221,-2.9993,-1.7713,A2
P0357,-3.0768,-1.7267,A2
P0153,5.326,13.8596,A1
P0251,-3.6121,-2.5861,A2
P0139,4.8574,12.3827,A1
P0324,-3.488,-1.7381,A2
P0104,5.033,10.1687,A1
P0027,4.2119,12.1667,A1
P0455,9.4265,-3.4283,Type B
P0406,9.41,-2.6051,Type B
P0068,5.802,10.6914,A1
P0175,4.8042,14.0087,A1
P0389,7.6471,-0.9477,Type B
P0405,10.4739,-2.8876,Type B
P0535,10.4972,-3.1233,Type B
P0495,8.4236,-2.3464,Type B
P0247,-3.3183,-0.7803,A2
P0151,3.7634,11.2255,A1
P0509,8.7948,-0.8615,Type B
P0088,5.9276,12.1695,A1
P0208,4.8852,10.0341,A2
P0048,5.5872,12.5002,A1
P0339,-2.6171,-2.185,A2
P0327,-4.0165,0.0645,A2
P0260,-3.6252,-0.8779,A2
P0310,-2.6636,-0.2872,A2
P0447,10.5928,-1.5436,Type B
P0600,9.3835,-2.5001,Type B
P0312,-2.9447,-1.8053,A2
P0536,8.1269,-0.7445,Type B
P0520,10.4711,-0.5526,Type B
P0497,7.948,-1.4298,Type B
P0553,9.4534,-2.6117,Type B
P0206,-2.6082,-0.3992,A2
P0505,11.9997,-2.64,Type B
P0482,10.5599,-3.4871,Type B
P0058,5.7243,10.4512,A1
P0156,5.7599,10.5507,A1
P0343,-2.3342,-0.3505,A2
P0286,-3.9327,-2.2954,A2
P0012,3.8769,10.8986,A1
P0309,-3.321,-2.3539,A2
P0311,-4.8406,-2.0234,A2
P0599,11.058,-1.5613,Type B
P0115,6.0949,12.832,A1
P0572,11.7205,-1.9303,Type B
P0008,5.8192,10.5296,A1
P0382,8.1257,-0.3919,Type B
P0142,4.8039,12.7491,A1
P0314,-3.6631,-2.2717,A2
P0005,4.8384,13.6928,A1
P0430,9.6013,-3.2348,Type B
P0489,9.4931,-2.6113,Type B
P0499,9.5252,-0.963,Type B
P0080,4.2454,12.0431,A1
P0049,5.4848,11.9162,A1
P0433,10.3638,-1.9321,Type B
P0570,9.1268,-2.9321,Type B
P0275,-2.6697,-2.2631,A2
P0444,11.1254,-2.445,Type B
P0067,4.6963,13.2937,A1
P0108,4.4936,12.1667,A1
P0479,10.5221,-2.7578,Type B
P0514,9.4414,-2.4325,Type B
P0466,11.6564,-3.0383,Type B
P0569,10.5875,-1.9208,Type B
P0136,5.6804,11.3132,A1
P0568,10.9122,-0.7292,Type B
P0004,5.4576,12.6428,A1
P0122,5.5861,10.7665,A1
P0384,10.2642,-1.8159,Type B
P0577,8.0662,-1.5122,Type B
P0400,10.7276,-0.2475,Type B
P0249,-4.3763,-2.6315,A2
P0364,8.0172,-0.6758,Type B
P0078,3.7723,12.0604,A1
P0241,-4.1013,0.0857,A2
P0435,11.6064,-3.172,Type B
P0055,5.4626,14.2009,A1
P0123,4.5963,11.4384,A1
P0404,8.1328,-1.6189,Type B
P0132,5.1111,14.0372,A1
P0015,4.5109,12.8996,A1
P0016,3.6432,13.5038,A1
P0510,11.634,-2.6628,Type B
P0573,10.2355,-3.7043,Type B
P0485,9.0112,-3.5817,Type B
P0429,10.1489,-1.7114,Type B
P0506,10.9961,-1.9929,Type B
P0452,8.029,-1.2334,Type B
P0592,8.2535,-0.4828,Type B
P0422,9.5454,-2.9789,Type B
P0179,5.4357,14.3261,A1
P0273,-2.5808,-2.2055,A2
P0453,10.0285,-1.4693,Type B
P0407,11.4103,-2.064,Type B
P0171,4.6552,13.1626,A1
P0399,10.7994,0.2398,Type B
P0188,5.0109,10.1584,A1
P0294,-2.1557,-0.4156,A2
P0379,11.2347,-2.9302,Type B
P0559,11.079,-2.7969,Type B
P0446,9.6695,-3.3309,Type B
P0212,-3.7525,-0.9458,A2
P0232,-2.6891,-2.4898,A2
P0410,8.5572,-1.6506,Type B
P0551,9.7713,-3.2254,Type B
P0154,6.3127,12.9919,A1
P0579,7.4818,-1.3756,Type B
P0365,9.8556,-3.5281,Type B
P0245,-5.0227,-1.8284,A2
P0074,4.7885,13.4659,A1
P0017,3.7329,11.5072,A1
P0121,5.6017,11.879,A1
P0045,5.4369,13.2141,A1
P0481,8.1326,-0.823,Type B
P0180,4.5936,12.2328,A1
P0031,4.2235,12.8369,A1
P0591,10.4251,-3.0553,Type B
P0473,8.7754,-2.7363,Type B
P0380,11.0578,-0.9057,Type B
P0500,11.892,-3.0787,Type B
P0295,-4.1145,-2.9729,A2
P0315,-4.1776,-2.4263,A2
P0044,-2.0413,-0.7877,A1
P0047,5.4957,14.1461,A1
P0138,3.8934,13.5359,A1
P0011,4.4104,11.5041,A1
P0533,9.6956,-1.6832,Type B
P0174,5.5993,14.0231,A1
P0336,-3.8735,-0.7809,A2
P0100,4.0125,12.195,A1
P0418,9.0621,-2.8666,Type B
P0173,5.5721,14.0914,A1
P0001,5.0487,12.2852,A1
P0102,3.9711,11.9739,A1
P0103,5.4369,14.2155,A1
P0554,7.5123,-1.7799,Type B
P0037,8.2559,-0.207,A1
P0064,5.5325,11.1698,A1
P0165,4.9679,13.7316,A1
P0352,-3.6867,-0.1349,A2
P0054,4.5571,13.7442,A1
P0462,8.1675,-2.1962,Type B
P0548,9.643,-3.3901,Type B
P0170,5.792,12.1056,A1
P0526,7.4358,-1.6131,Type B
P0084,3.6118,11.8699,A1
P0256,-2.9371,-1.0286,A2
P0227,-2.4132,-0.2661,A2
P0301,-4.9637,-1.4029,A2
P0475,7.7602,-1.5172,Type B
P0374,9.0048,-3.5416,Type B
P0427,9.0065,-1.9405,Type B
P0061,6.4165,12.5567,A1
P0014,5.8141,12.3155,A1
P0272,-2.158,-0.4038,A2
P0038,5.5656,12.602,A1
P0296,-2.9469,-0.5726,A2
P0105,4.146,12.1168,A1
P0197,5.9786,12.5022,A1
P0508,10.2284,-1.6874,Type B
P0545,11.1395,-0.9837,Type B
P0106,4.0947,13.3145,A1
P0218,-4.9648,-1.9344,A2
